{
  "symbol": "AAPL",
  "companyName": "Apple Inc.",
  "primaryExchange": "Nasdaq Global Select",
  "sector": "Technology",
  "calculationPrice": "tops",
  "open": 155.84,
  "openTime": 1548685800348,
  "close": 157.76,
  "closeTime": 1548450000204,
  "high": 156.28,
  "low": 153.66,
  "latestPrice": 155.82,
  "latestSource": "IEX real time price",
  "latestTime": "3:06:43 PM",
  "latestUpdate": 1548706003167,
  "latestVolume": 19654147,
  "iexRealtimePrice": 155.82,
  "iexRealtimeSize": 100,
  "iexLastUpdated": 1548706003167,
  "delayedPrice": 156.28,
  "delayedPriceTime": 1548705107013,
  "extendedPrice": 155.82,
  "extendedChange": 0,
  "extendedChangePercent": 0,
  "extendedPriceTime": 1548706003167,
  "previousClose": 157.76,
  "change": -1.94,
  "changePercent": -0.0123,
  "iexMarketPercent": 0.03147,
  "iexVolume": 618516,
  "avgTotalVolume": 43022330,
  "iexBidPrice": 155.8,
  "iexBidSize": 100,
  "iexAskPrice": 155.82,
  "iexAskSize": 100,
  "marketCap": 736997903460,
  "peRatio": 13.13,
  "week52High": 233.47,
  "week52Low": 142,
  "ytdChange": -0.013313171225937162
}