{
  "F": [
    39,
    25,
    83,
    73,
    25,
    92
  ],
  "D": [
    0,
    97,
    74,
    92,
    32
  ],
  "J": [
    28,
    48,
    90,
    9,
    1,
    65
  ],
  "H": [
    9,
    30,
    70,
    46,
    36,
    65
  ],
  "E": [
    28,
    46,
    76,
    19
  ],
  "I": [
    72,
    39,
    9,
    28
  ],
  "A": [
    67,
    17,
    94,
    56,
    14
  ],
  "G": [
    8,
    44,
    93
  ],
  "B": [
    27,
    8,
    21,
    22,
    93
  ],
  "C": [
    61,
    38,
    25,
    41,
    18
  ]
}